0.08378723401705201,4.36900851503448,17.231853187084198
0.0830342901473955,4.565197901924535,17.984228670597076
0.0836218531957229,4.764830025280617,16.43320655822754
0.0834634918626378,4.542985620093738,15.687619686126709
0.08000156121812552,4.758390402280746,18.722687989473343
0.08147632706105412,4.985801710895316,17.17328315973282
0.07417005099715368,4.942474113769634,19.424031883478165
0.07637914660797662,5.1988154692651705,17.88422527909279
0.06513579750936316,5.110022068527968,20.060442000627518
0.06778029303050914,5.394909382434207,18.536514103412628
0.052750512823706686,5.252753147726025,20.60106858611107
0.055395538134476396,5.56369975706999,19.096271753311157
0.037242437193846456,5.3623147055555975,21.0151204764843
0.03939241823310624,5.694404915783878,19.52861937880516
0.019294430103087734,5.4314198146097965,21.275852411985397
0.020501758603785447,5.777365063228373,19.80255201458931
3.3163171053729457e-07,5.455051839351654,21.364942848682404
-1.63705507816303e-07,5.8058319091796875,19.896451145410538
-0.01929384259095457,5.431421084196572,21.275852411985397
-0.020502172685951336,5.777366413718539,19.80255201458931
-0.037242388643761615,5.362317274580484,21.0151204764843
-0.039392872124295764,5.694406962102192,19.52861937880516
-0.052749939262739076,5.252754568039492,20.601075291633606
-0.05539576188307649,5.563703912761142,19.096271753311157
-0.06513698667738765,5.1100254093129465,20.060442000627518
-0.06778016123485031,5.3949119372596215,18.536520808935165
-0.07417101450926111,4.942475963728377,19.424038589000702
-0.07637982715107228,5.1988182544469055,17.884231984615326
-0.08000309113914739,4.7583931931526,18.72269693017006
-0.08147810561543167,4.985803970538349,17.173289865255356
-0.08303594833310513,4.565200879266641,17.984235376119614
-0.08362377443646096,4.764832444588144,16.433213263750076
-0.0837887936106938,4.3690131376077375,17.231859892606735
-0.08346494708875696,4.542990481221345,15.687626391649246
0.08379848121698785,4.9608024094439145,14.67309445142746
0.0827109858057824,4.711844649147359,13.95475161075592
0.08260032276341178,5.211706318256333,15.394416868686676
0.07834037503584312,5.4565238844681545,16.095612704753876
0.07029868812196582,5.684608749850895,16.746524691581726
0.058027573624087836,5.883137069384119,17.311207175254822
0.04158941045922404,6.038327976279888,17.751392036676407
0.021755452133646713,6.137522576585027,18.032167434692383
-2.0959433300049568e-08,6.171684384346008,18.128759145736694
-0.021755413475631258,6.1375222377936325,18.03217414021492
-0.04158983442133035,6.038330869841332,17.751392036676407
-0.05802720306732567,5.8831390640475405,17.311216115951538
-0.07029956648534608,5.684610879214247,16.746533632278442
-0.078340776356697,5.4565261661238225,16.095619410276413
-0.08260084669825574,5.21171028452946,15.394423574209213
-0.08379913673442729,4.960807328786828,14.673102274537086
-0.08271353317084618,4.711849572958478,13.954759433865547
0.08357586758985036,5.1469614293347234,12.693441241979599
0.08159219523825101,4.870434238198953,12.027486115694046
0.08334221310755652,5.428897173397445,13.369850009679794
0.07998638442222727,5.7073518252518625,14.035296827554703
0.07260469985664031,5.969963498038204,14.660445258021355
0.06055323316310535,6.201198662061543,15.208900779485703
0.043763490715221565,6.383769269357188,15.640593647956848
0.023017915594024885,6.501325081175693,15.917941629886627
1.23516898042908e-07,6.5419697761535645,16.013716369867325
-0.023017709166836653,6.501326600995583,15.917941629886627
-0.04376294536749015,6.383770597138692,15.640602588653564
-0.06055341264071501,6.201202523911583,15.208900779485703
-0.0726055606888707,5.969967405577563,14.660445258021355
-0.07998726496421682,5.70735427853829,14.03530465066433
-0.08334403097322252,5.428899764885962,13.369857832789421
-0.08357719942651443,5.146964155232467,12.693449065089226
-0.08159491432269306,4.870439156488089,12.027490586042404
0.08303199476987544,5.315906017550034,10.493563920259476
0.08023206584300624,5.012806474358065,9.908725664019585
0.08371838582077373,5.628317804294298,11.094011038541794
0.08126961782102171,5.940477257401753,11.6915043592453
0.07460508753264605,6.23838133736524,12.259370252490044
0.06286618302286229,6.503692440449527,12.763136386871338
0.045816949328788326,6.71525899206064,13.163501188158989
0.024230778142552367,6.852506539005574,13.4225764721632
2.6326947022425884e-07,6.900149762630463,13.512399360537529
-0.02423110057314659,6.852508140977363,13.4225764721632
-0.045816725604368,6.715262210838844,13.163501188158989
-0.06286645911971789,6.503695681482782,12.763136386871338
-0.07460594075311633,6.238383810322382,12.259374722838402
-0.0812710212811254,5.940479802214057,11.691508829593658
-0.08371976769518596,5.628322792282873,11.094014391303062
-0.08303389185491028,5.315908705659979,10.493568390607834
-0.08023482496048473,5.012810072893188,9.908734604716301
0.08230174732843665,5.45944678549661,8.086405962705612
0.0788158482616268,5.13259098749306,7.612784281373024
0.08379587292736801,5.799577913745672,8.577298283576965
0.08218231411089505,6.142947371069624,9.070753276348114
0.0762202837591488,6.474158296693915,9.544675782322884
0.06484081870134162,6.772217700160283,9.969397738575935
0.0476273789942212,7.012096732098058,10.309982284903526
0.025319658239155274,7.1688023121402935,10.531873807311058
3.893961917356137e-07,7.2234068512916565,10.609082862734795
-0.025319772548925812,7.168803988110589,10.531873807311058
-0.04762765871684849,7.012099253200745,10.309985637664795
-0.06484075708956993,6.772220241756337,9.969401091337204
-0.07622057288233464,6.474162537523739,9.544680252671242
-0.08218343336945111,6.142951634437686,9.070753276348114
-0.08379774849152,5.799581491609651,8.577301636338234
-0.0823032020873029,5.459451288773025,8.08641043305397
-0.07881840973919907,5.132595312635175,7.612788751721382
0.08156985673804229,5.5693927993060015,5.501511290669441
0.07756860903901952,5.223598097019462,5.167123779654503
0.08369426166018457,5.93193505545662,5.850669585168362
0.08276000683062534,6.300936757842223,6.204502321779728
0.07739601528344053,6.659938258764193,6.547201618552208
0.06635599446244811,6.9857527566599416,6.856877528131008
0.04905810219068485,7.249967868260136,7.107041992247105
0.02619391105390889,7.423578928698191,7.270948186516762
4.911760811410204e-07,7.484264492988586,7.328150577843189
-0.026193857708094015,7.423580664279356,7.270948186516762
-0.04905822105897073,7.249970475151798,7.107041992247105
-0.06635619164536877,6.985756239470355,6.856877528131008
-0.07739683597247904,6.6599417498361575,6.547206088900566
-0.08276123260317547,6.300940380667626,6.204506233334541
-0.08369608734022904,5.931938733088792,5.85067405551672
-0.08157154849372716,5.569398073504686,5.501515202224255
-0.07757041433643508,5.223603639701665,5.167128250002861
0.08103089213720693,5.6386338835864365,2.7856301330029964
0.07671212391176851,5.280579328138629,2.612395007163286
0.08355471330999364,6.015832136748898,2.96737976744771
0.08306546503757062,6.401785424199744,3.152526833117008
0.07810565313991447,6.779388127293274,3.3328349888324738
0.06731064860765201,7.123996515739947,3.4966591894626617
0.049980281829405726,7.404865714499117,3.6296570636332035
0.02676405704227136,7.590132494204624,3.717116702347994
-3.293606596344034e-07,7.655031621456146,3.7477073818445206
-0.02676395369226725,7.590134268757822,3.717116702347994
-0.04998094509895168,7.404868377268002,3.6296570636332035
-0.0673109931254885,7.124000067947435,3.49666365981102
-0.07810688338746274,6.77939168168632,3.332839459180832
-0.08306623214335218,6.401789870050635,3.152526833117008
-0.08355725736844022,6.015836585375162,2.96737976744771
-0.08103254467498289,5.638639225015822,2.7856301330029964
-0.07671425167873736,5.28058645371982,2.612395007163286
0.08083251118659973,5.66229385137558,5.529304797846635e-05
0.07640552520751953,5.299993336200714,5.529304797846635e-05
0.08349442481994629,6.044600427150726,5.529304797846635e-05
0.08315801620483398,6.436494052410126,5.909333310682996e-05
0.07834221422672272,6.820658028125763,5.909333310682996e-05
0.06763723492622375,7.1719361543655396,5.909333310682996e-05
0.050299257040023804,7.45874685049057,5.909333310682996e-05
0.02696269005537033,7.648193776607513,5.909333310682996e-05
-3.130204220269661e-07,7.714608192443848,5.909333310682996e-05
-0.02696254849433899,7.648195564746857,5.909333310682996e-05
-0.05029899626970291,7.458749532699585,5.909333310682996e-05
-0.06763774156570435,7.171938836574554,5.909333310682996e-05
-0.07834383845329285,6.8206616044044495,5.909333310682996e-05
-0.08315920829772949,6.436498522758484,5.909333310682996e-05
-0.08349692821502686,6.044604003429413,5.529304797846635e-05
-0.08083415031433105,5.66229921579361,5.529304797846635e-05
-0.07640805840492249,5.299998700618744,5.529304797846635e-05
0.08103268729370683,5.63863786939045,-2.7855162359774113
0.07671372719074299,5.280582442941977,-2.612281110137701
0.08355635249670001,6.015836382834934,-2.9672706201672554
0.08306715823195532,6.401790687377641,-3.15241327509284
0.07810708526869092,6.7793936918863835,-3.3327257819473743
0.06731177558032897,7.124002354267155,-3.4965502619743347
0.049981173190417394,7.404872641329426,-3.629543725401163
0.026764456428068684,7.590138701509318,-3.7170033641159534
-3.2935965066371864e-07,7.655038774013519,-3.7475946992635727
-0.026764353075961367,7.590140476063269,-3.7170078344643116
-0.04998183645798804,7.4048753040995905,-3.629543725401163
-0.06731212009620435,7.124005906476135,-3.4965502619743347
-0.07810831551465469,6.779397246280922,-3.3327257819473743
-0.0830679253360529,6.401795133230394,-3.1524177454411983
-0.08355889655435078,6.015840831462803,-2.9672706201672554
-0.08103404063780317,5.638642546520757,-2.7855207063257694
-0.07671585495677391,5.280589568525301,-2.612285580486059
0.08157314785829328,5.569400106613351,-5.501407355070114
0.07757181559617266,5.2236043266277505,-5.167016088962555
0.0836975400335973,5.9319435476287055,-5.8505624532699585
0.08276290944829157,6.300945780434176,-6.204395070672035
0.07739867495116926,6.6599485930085365,-6.547095641493797
0.0663584094038967,6.985765267789674,-6.856767520308495
0.04905977349257995,7.249980856066969,-7.106935620307922
0.0261947668806215,7.423592230065395,-7.270842730998993
4.911787669925616e-07,7.484277904033661,-7.32804524153471
-0.026194713530301783,7.423593965648166,-7.270842730998993
-0.049059780936545394,7.249982597107078,-7.1069400906562805
-0.06635844558680049,6.985767916527756,-6.856771431863308
-0.07739949563726611,6.659952084083272,-6.547095641493797
-0.08276437710323137,6.300950155145706,-6.204399541020393
-0.08369936571205017,5.931947225264075,-5.850566364824772
-0.0815748396119318,5.569405380815546,-5.501407355070114
-0.07757394154755559,5.223610492274894,-5.167020000517368
0.08230623521969704,5.459456750006623,-8.086304977536201
0.07881936055352412,5.132601496481698,-7.612682938575745
0.08380051728970273,5.79958994432279,-8.577194541692734
0.08218666803739438,6.142960904957562,-9.070654168725014
0.07622417096582979,6.474173400589493,-9.544578269124031
0.0648440386232636,6.772234381666593,-9.969299107789993
0.04762960739675037,7.012114049173832,-10.309888765215874
0.025320856396547242,7.168820934054381,-10.531776294112206
3.893999576121132e-07,7.223425626754761,-10.608986228704453
-0.02532097070002237,7.168822610026922,-10.531776294112206
-0.04762988711337357,7.012116570279716,-10.309888765215874
-0.06484413800171751,6.772237757342438,-9.969299107789993
-0.07622425549438105,6.474176846482237,-9.5445816218853
-0.08218754540752116,6.142964416447484,-9.070658639073372
-0.08380266604923747,5.799594229872575,-8.577197894454002
-0.08230798916832782,5.4594619175888255,-8.08630944788456
-0.07882235454411557,5.132604956598584,-7.612686291337013
0.08303827781763573,5.315918537352587,-10.493467286229134
0.08023847895731251,5.012817503063182,-9.908628150820732
0.08372314917312451,5.628334913599943,-11.093914404511452
0.08127394490901452,5.940493338030095,-11.691409721970558
0.0746085679802988,6.238399188899393,-12.25927720963955
0.06286939766562938,6.503711861820939,-12.763043105602264
0.04581904155614325,6.715279447932133,-13.163408786058426
0.024232147465284015,6.852527821193107,-13.422491893172264
2.632743161257167e-07,6.900172472000122,-13.512308314442635
-0.024232469888687547,6.852529423167454,-13.422496363520622
-0.045819511098869725,6.715280996165944,-13.163413256406784
-0.06286951275973252,6.503715079043587,-12.763047575950623
-0.0746094211954329,6.238401661861552,-12.259280562400818
-0.08127534836489758,5.940495882847195,-11.691413074731827
-0.08372494670973651,5.628338238930354,-11.09391887485981
-0.08303933679610509,5.315922901674554,-10.493471756577492
-0.08024039377241365,5.012822790204147,-9.90863262116909
0.08358274902127505,5.14697670825376,-12.693355068564415
0.08159957031786291,4.870448566301711,-12.027395948767662
0.08334904305016977,5.42891486542662,-13.369765669107437
0.07999148630941022,5.707371526513306,-14.035210251808167
0.07260926532008938,5.9699852533483835,-14.660356685519218
0.06055758005626899,6.201221182095061,-15.208824664354324
0.04376649905863417,6.38379217057232,-15.640522480010986
0.02301886733748404,6.501350253398627,-15.917863756418228
1.2352228395684506e-07,6.541995167732239,-16.013636738061905
-0.023019363756446864,6.501350886463804,-15.917868226766586
-0.043766176541112145,6.383795230067591,-15.640522480010986
-0.060557598529172196,6.201224209876713,-15.208826899528503
-0.07261050768714483,5.969987584443864,-14.660361155867577
-0.07999324632095295,5.707374692160677,-14.035214722156525
-0.08335113410937822,5.428918164603232,-13.369770139455795
-0.08358408085364033,5.146979434157636,-12.693362891674042
-0.08160196874374037,4.870452861636892,-12.027403771877289
0.08380538792938808,4.960821258034201,-14.673012748360634
0.08271820979926758,4.711861646689982,-13.954672381281853
0.08260736548685799,5.21172842459525,-15.394332766532898
0.07834714780815943,5.456544937185697,-16.095537543296814
0.07030462122418868,5.684630849493971,-16.746454000473022
0.05803128251508127,5.8831607972605156,-17.31113776564598
0.04159214109112952,6.038354110627878,-17.751324385404587
0.021757277897293648,6.137548091812121,-18.03210026025772
-2.0954047386112507e-08,6.171711206436157,-18.128697395324707
-0.021757296282743255,6.137548639782054,-18.0321024954319
-0.04159234220304597,6.038354549095914,-17.751328855752945
-0.05803146137152737,5.883162059367635,-17.31114223599434
-0.07030570416931425,5.684633773807292,-16.74645847082138
-0.07834803289125603,5.456548722616489,-16.095542013645172
-0.08260865822128949,5.211731622072627,-15.394341707229614
-0.08380682443498699,4.9608246153993605,-14.67302057147026
-0.08272043650495675,4.711864362754156,-13.95468020439148
0.08363052978317143,4.764847859493145,-16.43313267827034
0.08347247022042836,4.543003063001443,-15.687544524669647
0.08148479618989057,4.985822218500019,-17.17321342229843
0.07638640314974765,5.198838025748245,-17.884161293506622
0.06778560498889163,5.394934801395237,-18.536449640989304
0.05540049253719559,5.563727377736242,-19.09620824456215
0.03939598367544761,5.694431192595346,-19.528561145067215
0.020503698477654098,5.777393782482562,-19.80249473452568
-1.6369958188988676e-07,5.805859982967377,-19.896392911672592
-0.020504112547826026,5.777395132976366,-19.80249473452568
-0.039395532608395456,5.694432189318476,-19.528563380241394
-0.05540039428142052,5.563729865286888,-19.096212714910507
-0.06778600243160326,5.394936650566137,-18.53645858168602
-0.07638732556929995,5.19884156282432,-17.88416576385498
-0.08148547223521518,4.985825948156759,-17.17321789264679
-0.08363170143587695,4.764851777975167,-16.433139383792877
-0.08347392544132504,4.543007924140987,-15.687553465366364
0.08304278782419772,4.565217733846282,-17.984161496162415
0.08379644077808024,4.369028597004672,-17.231780737638474
0.08001057673973833,4.758412802088458,-18.722624957561493
0.07417706565187387,4.942495918373034,-19.423980355262756
0.06514295814997695,5.110048460985752,-20.060383439064026
0.052755496370267,5.252780729533818,-20.601016730070114
0.03724622547633771,5.362343190911908,-21.015069901943207
0.019295735183561646,5.4314485338639855,-21.2758050262928
3.3163915702516533e-07,5.455079019069672,-21.364895313978195
-0.019295782451010268,5.431449803454399,-21.2758050262928
-0.037245954073313214,5.362344028235931,-21.015072137117386
-0.052755574110733505,5.2527823301752505,-20.601021200418472
-0.06514306997098629,5.110050880054324,-20.060387909412384
-0.0741780291570393,4.942497768341056,-19.423987060785294
-0.0800114056137744,4.758416294011688,-18.72263166308403
-0.0830437879822199,4.565221482215044,-17.98417043685913
-0.08379832102144746,4.369033108988788,-17.23178744316101
-0.08346584506853105,3.9751205199807202,17.92870742082596
-0.08254793279934347,4.147095485380973,16.377864122390747
-0.08271365308857526,3.533890985539678,18.60633870959282
-0.08104672185721995,3.6991568777813626,17.056035339832306
-0.08159611090472652,3.0440335363422406,19.243953317403793
-0.07904389498202136,3.1968569408724505,17.700785011053085
-0.08023553808000372,2.506416554807444,19.81740975379944
-0.07671351346721167,2.640302611521882,18.286425411701202
-0.07881936735815032,1.9247372530253202,20.30067729949951
-0.07433546500664079,2.03293483906414,18.784388959407806
-0.07757359070150471,1.3059169793789493,20.668347090482712
-0.07225805957932607,1.3821793824379256,19.16605895757675
-0.07671596708740935,0.6600904754230967,20.89877676963806
-0.07083383662900644,0.6995588048161068,19.406531512737274
-0.07641029357910156,1.9302539513432748e-05,20.97732165455818
-0.07032579183578491,1.9229422207445168e-05,19.488727271556854
-0.0767185751006707,-0.6600524293606185,20.898790180683136
-0.0708360593627333,-0.6995209332345951,19.40654492378235
-0.07757758937523818,-1.3058792398537094,20.66837391257286
-0.07226320102883221,-1.382143607464215,19.166079074144363
-0.078825703621348,-1.9247031625590267,20.300711780786514
-0.07434279186676918,-2.0329032771260813,18.78441897034645
-0.08024431815925936,-2.5063865237627567,19.81745094060898
-0.07672239726139196,-2.640273101515092,18.286468356847763
-0.08160642904360316,-3.04400692742027,19.24400296807289
-0.07905439679277038,-3.196830789471818,17.700836896896362
-0.08272544297139461,-3.533870003164836,18.606388837099075
-0.08105936402991176,-3.6991359916492854,17.05608770251274
-0.0834784172089229,-3.975102152789617,17.928765535354614
-0.08256131301750713,-4.147078386841471,16.37792494893074
-0.08380209439718556,-4.369000238870484,17.231919437646866
-0.08348030580422972,-4.542979924407376,15.687681466341019
-0.08104639342641917,4.315679684723364,14.619462564587593
-0.07858516039422625,3.8628165162227077,15.279489159584045
-0.07542198328569327,3.3497166793195134,15.913763403892517
-0.07179572320180228,2.7754802329742034,16.49590355157852
-0.06810740601865461,2.1430743242986807,16.995634108781815
-0.064879874373176,1.4603091502286603,17.38173446059227
-0.06265763480371334,0.740157338277335,17.626418977975845
-0.06186661124229431,1.914880388653728e-05,17.71030643582344
-0.06266145622913655,-0.7401185585319183,17.62642791867256
-0.06488559003432215,-1.460273712625849,17.38175505399704
-0.0681161677892419,-2.143041734400555,16.99566587805748
-0.07180662982250396,-2.775451506535319,16.495942026376724
-0.07543523806496921,-3.349693266340097,15.913802117109299
-0.07859854437661795,-3.862797607926609,15.279536813497543
-0.08106150796409395,-4.315665442351246,14.619518280029297
-0.08272877833506698,-4.71183968610913,13.95481650531292
-0.07904283914095345,4.475589958266482,12.643431454896927
-0.07542203444724294,4.01965656871954,13.261474952101707
-0.07082917362744467,3.4977123269151065,13.86181266605854
-0.06556865285133995,2.9076302129114566,14.418678760528564
-0.06018955366192813,2.2516716011949853,14.901435807347298
-0.05544968956397156,1.5378674754140675,15.277530550956726
-0.052169402403379195,0.7806340300441619,15.51732936501503
-0.05099385976791382,1.9062757530718955e-05,15.599812000989914
-0.0521717780155484,-0.7805963816774124,15.517345011234283
-0.055456323651810635,-1.5378309548696052,15.277553379535675
-0.06019861894357348,-2.2516397974268187,14.901467338204384
-0.06557993302087084,-2.9076016791591712,14.418719708919525
-0.07084360450149063,-3.497687985167147,13.861852496862411
-0.07543724339822688,-4.019639410997456,13.261515900492668
-0.07905850206974208,-4.475577685089746,12.643482059240341
-0.08161170156820674,-4.87043248447884,12.02753672003746
-0.07671187264971024,4.620512716576748,10.449406936764717
-0.07179540107459559,4.163209830360458,10.99728611111641
-0.06556839940574832,3.634532030644664,11.534953236579895
-0.058392288286427174,3.030981356719451,12.038821622729301
-0.05099023163811012,2.3539116632786445,12.479847058653831
-0.04440664237536396,1.6113852798474468,12.826285406947136
-0.03981519824441193,0.819173810232158,13.04851384460926
-0.03816297650337219,1.8975367623852435e-05,13.125196382403374
-0.03981874010233355,-0.8191367516873527,13.048522785305977
-0.04441466747829281,-1.6113497388487872,12.8262939453125
-0.051000752116152626,-2.3538811742383245,12.47986900806427
-0.05840502496928934,-3.0309557981340163,12.038846924901009
-0.0655826213207007,-3.634511354321063,11.534987479448318
-0.07181190378193492,-4.163194578356411,10.997316598892212
-0.07672903564019862,-4.6205035282884666,10.449441894888878
-0.08025179625877854,-5.012805681097305,9.908769562840462
-0.074333679529758,4.743487134193657,8.050482243299484
-0.06810556559391046,4.286127514787019,8.4978436678648
-0.060189213737302794,3.7527704254402963,8.940882071852684
-0.050990301895168955,3.138541538814316,9.359897762537003
-0.041402751127151305,2.4437872655773845,9.729878947138786
-0.032789217164690854,1.676435119427751,10.022719532251358
-0.02673396756938473,0.8534176814660199,10.211634412407875
-0.02454519271850586,1.8893049158918984e-05,10.277018040418625
-0.026738591889156282,-0.8533822896269783,10.211637765169144
-0.03279719799159864,-1.67639972114317,10.022732064127922
-0.04141459946657733,-2.443756575425013,9.729896426200867
-0.05100313701017001,-3.1385166601215815,9.3599241822958
-0.060203904471421765,-3.7527517448122865,8.94090849161148
-0.0681229215291097,-4.286113956736926,8.497870564460754
-0.07435117994045015,-4.743478653860876,8.05050890147686
-0.07883604588002413,-5.132591710778428,7.612815886735916
-0.07225598784280862,4.837579254882925,5.4760526567697525
-0.0648773708864212,4.380887943404375,5.793945334851742
-0.0554485245370131,3.8446360622656215,6.111046336591244
-0.04440591158993357,3.2227513917145103,6.413165085017681
-0.03278857168457705,2.5146432452346943,6.6818303391337395
-0.022259242626546438,1.728009691184404,6.895794160664082
-0.014804111836227207,0.8806707673003018,7.034474179148674
-0.01209932565689087,1.882429117472384e-05,7.082592263817787
-0.014808448491081094,-0.8806329262295094,7.034478649497032
-0.022267944980157495,-1.7279749115727725,6.895803220570087
-0.03280079079831921,-2.5146129398826815,6.681839995086193
-0.044419956386718695,-3.2227262641101504,6.413179092109203
-0.05546439302278827,-3.8446170167914318,6.111061058938503
-0.06489543348322968,-4.380875556150414,5.7939645275473595
-0.0722746478060401,-4.837572361049624,5.476075045764446
-0.07758947141496719,-5.223601123469919,5.167142532765865
-0.07083017524615798,4.896789382738163,2.7724099159240723
-0.0626551514453979,4.440844261881246,2.937781870365143
-0.0521673002869818,3.903090659634586,3.1035080663859844
-0.03981266518189841,3.276636422909718,3.262170795351267
-0.02673293160584933,2.560217179203107,3.4039115719497204
-0.014803071746612773,1.7613210931047618,3.5172639414668083
-0.006316046752743887,0.8983215599164183,3.5909558050334454
-0.0032294392585754395,1.877817568640694e-05,3.616570185869932
-0.006320484974267515,-0.8982838628235328,3.5909602753818035
-0.014811950845668775,-1.7612863780202872,3.517264537513256
-0.026745367902748285,-2.5601878148497406,3.403916757553816
-0.03982821889968591,-3.2766115311178226,3.2621758617460728
-0.05218419684004516,-3.903072607157924,3.1035174429416656
-0.06267392071724487,-4.440831227967493,2.937787711620331
-0.07084976112967922,-4.896783079746044,2.772415418177843
-0.07673263567264144,-5.280583833362854,2.612400509417057
-0.07032310962677002,4.917013108730316,5.529304797846635e-05
-0.06186258792877197,4.461382985115051,5.529304797846635e-05
-0.05099162459373474,3.923174738883972,5.529304797846635e-05
-0.0381602942943573,3.295205295085907,5.529304797846635e-05
-0.024542957544326782,2.5759657323360443,5.529304797846635e-05
-0.012097984552383423,1.772857591509819,5.529304797846635e-05
-0.003228992223739624,0.9044414088129997,5.149276711335915e-05
0.0,1.8761894580165972e-05,5.149276711335915e-05
-0.0032334625720977783,-0.9044049754738808,5.149276711335915e-05
-0.012106478214263916,-1.7728240638971329,5.149276711335915e-05
-0.024555474519729614,-2.575935959815979,5.149276711335915e-05
-0.038175493478775024,-3.2951806783676147,5.149276711335915e-05
-0.05100861191749573,-3.923157036304474,5.149276711335915e-05
-0.061881810426712036,-4.461369812488556,5.149276711335915e-05
-0.07034233212471008,-4.917006552219391,5.149276711335915e-05
-0.07642728090286255,-5.299996614456177,5.149276711335915e-05
-0.07083221896319003,4.896792856908874,-2.772296018898487
-0.06265731933638108,4.440847420674473,-2.937672723084688
-0.05216959303169233,3.903093443565112,-3.103402454406023
-0.039815479984156354,3.2766391571774633,-3.2620609924197197
-0.02673587184855819,2.5602193212956053,-3.403806459158659
-0.014806112606919442,1.7613225700412798,-3.517158232629299
-0.006319153179532577,0.8983223143159762,-3.590854447335005
-0.0032325685024261475,1.8778191460455673e-05,-3.616464536637068
-0.006323591402932038,-0.8982846171909102,-3.590854447335005
-0.0148149917097129,-1.7612878549258397,-3.5171671733260155
-0.02674830815068674,-2.560189956913888,-3.403814524412155
-0.03983063159292044,-3.2766138747528686,-3.2620737478137016
-0.05218648959083794,-3.9030753910679863,-3.10341515019536
-0.0626760886151061,-4.440834386742182,-2.9376890137791634
-0.07085146423307265,-4.896785974874717,-2.772316999733448
-0.07673423895627707,-5.280586948156611,-2.6123018115758896
-0.07225939403787152,4.837585045167444,-5.475948721170425
-0.064881268003802,4.380894184645712,-5.7938419580459595
-0.05545267232254503,3.8446424272679565,-6.110942959785461
-0.04441030022911718,3.2227568322006945,-6.413062267005444
-0.032794032134987106,2.514647223407529,-6.681727521121502
-0.02226488993855469,1.7280124340670326,-6.895696014165878
-0.014809880914555151,0.8806721683280472,-7.034375675022602
-0.01210513710975647,1.8824321145416434e-05,-7.082493558526039
-0.014814661348765412,-0.8806344349628716,-7.03438014537096
-0.022273592299441702,-1.7279776543970229,-6.89570439606905
-0.03280583122335656,-2.5146166119916984,-6.681744925677776
-0.044425218509587694,-3.2227306349461884,-6.413083344697952
-0.055469416228220325,-3.844622186041022,-6.110964596271515
-0.06489904664633173,-4.380880420282367,-5.793867506086826
-0.07227805401282694,-4.837578151306957,-5.475978024303913
-0.07759267798225267,-5.223607353057432,-5.167045392096043
-0.07433826794036236,4.743496691141232,-8.050380542874336
-0.06811170795171506,4.286136464701158,-8.49774344265461
-0.06019485620248588,3.7527785900216486,-8.940786078572273
-0.0509966903354524,3.1385492633344256,-9.35980312526226
-0.0414107317854473,2.4437930798309964,-9.729784071445465
-0.032797470928386474,1.6764391282564617,-10.022624179720879
-0.02674239929925193,0.8534209856700556,-10.211543291807175
-0.024553686380386353,1.8893094548388945e-05,-10.276928275823593
-0.026747023624608346,-0.8533830210386668,-10.211547762155533
-0.03280545176593819,-1.6764037298830345,-10.022637590765953
-0.04142174006916832,-2.4437617775781035,-9.729809060692787
-0.0510103977858023,-3.1385223164308513,-9.359830990433693
-0.06021044529580877,-3.7527584149584783,-8.940819531679153
-0.06812877010860063,-4.286121472840335,-8.497780725359917
-0.07435681013159012,-4.7434864677293405,-8.050418943166733
-0.07884064693230641,-5.132599897886848,-7.612724095582962
-0.07671868503929602,4.620524297147917,-10.449313655495644
-0.07180251776662772,4.163221646575153,-10.997190594673157
-0.06557559827727744,3.634541995361097,-11.534865945577621
-0.05840071762892762,3.030991196884706,-12.038731455802917
-0.050999892434390404,2.35391954293366,-12.479760885238647
-0.04441706818214186,1.6113903436323582,-12.826198518276215
-0.039825002401144616,0.8191775950554074,-13.048432543873787
-0.03817281126976013,1.8975422634071037e-05,-13.125118434429169
-0.03982850316442921,-0.8191378164716525,-13.048444837331772
-0.04442379007153363,-1.6113541695581972,-12.826218634843826
-0.0510095595122948,-2.3538862848039344,-12.479793697595596
-0.058413879042760186,-3.0309629734876893,-12.038767144083977
-0.06559108955789839,-3.6345193489109846,-11.534906104207039
-0.07181882359654423,-4.1632036992745896,-10.997238337993622
-0.07673600530617364,-4.620513227438494,-10.44935828447342
-0.0802576695739674,-5.012816013306988,-9.908681482076645
-0.07905033277008044,4.475602696893603,-12.643349751830101
-0.07543030468758616,4.019669617092731,-13.261391013860703
-0.07083834460310356,3.4977234626461637,-13.861733198165894
-0.06557791125833035,2.90764051109128,-14.418605118989944
-0.06019966622719153,2.2516803892392545,-14.901361927390099
-0.0554609841865954,1.5378729611883273,-15.277460664510727
-0.05218049678413195,0.7806379974366706,-15.51726171374321
-0.05100637674331665,1.906283138453091e-05,-15.599735409021378
-0.05218414283012862,-0.7805979821535374,-15.517272889614105
-0.05546761829106117,-1.5378364405105174,-15.277480781078339
-0.060209508129105416,-2.2516461600678497,-14.901392504572868
-0.06559077059489482,-2.9076105207588654,-14.418643519282341
-0.07085239338135807,-3.4976985785018258,-13.861779421567917
-0.07544559367967452,-4.019650103136513,-13.261440992355347
-0.07906565510566566,-4.4755898446268105,-12.643400847911835
-0.08161811470382929,-4.8704449436527995,-12.027456223964691
-0.08105490891206557,4.315694160439989,-14.619388684630394
-0.07859489200474457,3.8628318444397394,-15.279413521289825
-0.07543268275803428,3.349729671004255,-15.913687527179718
-0.07180741273703006,2.7754927641663585,-16.49583062529564
-0.06811879810153698,2.1430839138999858,-16.99557140469551
-0.06489167295768539,1.4603163006730284,-17.381673514842987
-0.06267050428539278,0.7401604636587038,-17.626355797052383
-0.06187868118286133,1.9148879374597527e-05,-17.71024677157402
-0.06267343816969628,-0.7401214682159747,-17.62636697292328
-0.06489768393926454,-1.4602779841321478,-17.381695866584778
-0.06812787763323058,-2.1430489754150415,-16.995602697134018
-0.0718182347447538,-2.7754610015758203,-16.495876133441925
-0.07544517066301637,-3.3497055812144367,-15.91373598575592
-0.07860796249863711,-3.862811484738188,-15.279465973377228
-0.0810700737147414,-4.31567872922956,-14.619446486234665
-0.08273662518074332,-4.71185323691779,-13.954742476344109
-0.0825567889037302,4.147110540127656,-16.377798706293106
-0.08105646306296421,3.699172925572583,-17.055968165397644
-0.07905387113626716,3.1968699486819148,-17.70072501897812
-0.07672481965536804,2.6403149946310265,-18.286364942789078
-0.07434694738923042,2.0329443788116848,-18.78433296084404
-0.07227074716647053,1.3821872113611136,-19.166004717350006
-0.07084636444746195,0.6995632926013116,-19.406479984521866
-0.07033875584602356,1.922950838206816e-05,-19.48867702484131
-0.0708489288544456,-0.699522696054018,-19.40649339556694
-0.0722761435659578,-1.3821483992099388,-19.166027069091797
-0.0743548314445377,-2.0329101753942496,-18.784368723630905
-0.07673436676273582,-2.640282744639478,-18.286412686109543
-0.07906507583348343,-3.196842100779932,-17.700777232646942
-0.08107021781887624,-3.699150212404575,-17.05602404475212
-0.08257050977869085,-4.147094020529096,-16.377856820821762
-0.08348800156825575,-4.542994875413569,-15.687617093324661
-0.08347534500903464,3.975137897615326,-17.928644239902496
-0.08272416032892238,3.5339082611719803,-18.606276005506516
-0.08160719249876536,3.0440469920234534,-19.243903547525406
-0.08024733036280907,2.5064294914305094,-19.81735822558403
-0.07883163821006178,1.9247472224538882,-20.30063024163246
-0.0775857541405145,1.3059228871474104,-20.668305784463882
-0.07672883656829299,0.6600949651507193,-20.898734986782074
-0.07642370462417603,1.9302634413520536e-05,-20.977278113365173
-0.07673144459316461,-0.6600542110765701,-20.89874839782715
-0.07759062165290231,-1.3058855694229834,-20.668328136205673
-0.07883896505259713,-1.92471146204592,-20.300663769245148
-0.08025584854664203,-2.5063961441925073,-19.817405968904495
-0.08161781640728805,-3.044018598076491,-19.243954956531525
-0.08273590174114531,-3.533884003282182,-18.606337636709213
-0.08348833260960475,-3.975117779709734,-17.92870905995369
-0.08381148569409902,-4.369016288576773,-17.231857538223267
-0.08304802515760912,-4.565189251264883,17.984301149845123
-0.0836374276870373,-4.764824613626004,16.433275043964386
-0.08001518922202422,-4.758384681337731,18.722767651081085
-0.08149064916472071,-4.985798603370569,17.173358350992203
-0.0741816491481444,-4.9424680141068364,19.424122244119644
-0.0763915466249756,-5.198816064352002,17.88430494070053
-0.06514580738618747,-5.110020651895297,20.06052389740944
-0.06779016190516529,-5.3949109600312966,18.536600470542908
-0.05275721607014816,-5.252752762370051,20.601161658763885
-0.05540391851823756,-5.563706864037272,19.096355885267258
-0.037247355961582684,-5.362316038374686,21.015211313962936
-0.039398292261537904,-5.694410418471577,19.52870750427246
-0.019296445273567997,-5.4314192872427896,21.275949954986572
-0.020504875121602595,-5.777371629923877,19.802642852067947
3.316224024274561e-07,-5.4550527930259705,21.365031450986862
-1.6371160427297582e-07,-5.80583918094635,19.896541982889175
0.019296648490751522,-5.431420677933602,21.275943249464035
0.02050522067609961,-5.777370279437335,19.802642852067947
0.03724740449607111,-5.362313469358114,21.015211313962936
0.03939783835857469,-5.694408372158705,19.52870750427246
0.05275778962074895,-5.252751342065366,20.60115495324135
0.05540369475805562,-5.56370270835572,19.096355885267258
0.06514523198251254,-5.1100196959409345,20.060517191886902
0.06778976444726936,-5.394909110875432,18.53659376502037
0.07418102776603064,-4.942465479886167,19.424115538597107
0.07639026413485084,-5.198813967527585,17.884298235177994
0.08001365929922599,-4.758382591507228,18.722760945558548
0.08148960560987462,-4.985795608728708,17.173349410295486
0.08304702499275862,-4.565186220566844,17.984294444322586
0.08363550644625661,-4.76482144473718,16.43326833844185
0.08380080933642375,-4.368997595776747,17.23190602660179
0.08347846888798927,-4.542975826660637,15.687674760818481
-0.08381408235024423,-4.960801335046497,14.67315798997879
-0.0826153112396355,-5.211708186008693,15.394487589597702
-0.07835432974304979,-5.456527538286295,16.09568789601326
-0.07031122558885272,-5.684614110842986,16.74660834670067
-0.058036181139485166,-5.883144195921318,17.3112975358963
-0.041595757028346725,-6.038338278668391,17.751480162143707
-0.021758861906860716,-6.137533986990263,18.03225603699684
-2.0964989744243212e-08,-6.171694338321686,18.12885221838951
0.021758876115569592,-6.1375325522687945,18.03225603699684
0.04159555589812669,-6.038337840208712,17.75147345662117
0.05803581912821443,-5.883142933824658,17.311288595199585
0.07030938015369514,-5.684611135450041,16.74660834670067
0.07835330842726762,-5.456525260967055,16.095681190490723
0.0826144029014273,-5.211704988541868,15.394478648900986
0.08381264583965731,-4.960797196697257,14.673150166869164
0.0827270233646118,-4.7118339699047596,13.954808682203293
-0.08359447998536496,-5.146960933297208,12.69349855184555
-0.08335998547141799,-5.428900722683096,13.369915142655373
-0.08000113577216439,-5.7073590610509655,14.035361960530281
-0.07261732205219573,-5.969974977883069,14.660516858100891
-0.06056390227523423,-6.201214425413511,15.208977729082108
-0.043770166441518654,-6.383784253404926,15.640679776668549
-0.023020861369857926,-6.501341402207146,15.91802528500557
1.2351313216640847e-07,-6.5419881939888,16.013793796300888
0.02302127688848543,-6.501341655905122,15.918018579483032
0.04376981967946847,-6.383781958791474,15.640679776668549
0.060562950422017536,-6.201210563568793,15.208977729082108
0.07261687039717657,-5.969972660229857,14.660509034991264
0.08000065093457209,-5.707356607765021,14.035353019833565
0.08335936966085455,-5.428896528454558,13.369907319545746
0.0835931481495038,-5.146956585598531,12.693490728735924
0.08160930313948,-4.870428189150957,12.027532249689102
-0.08305095400173457,-5.315907912222514,10.493607819080353
-0.08373670272750644,-5.628326658056935,11.094061642885208
-0.08128591007233865,-5.940487571343027,11.691563665866852
-0.07461900853319037,-6.2383962599114255,12.259433150291443
-0.06287696673497578,-6.503711474632908,12.763202160596848
-0.04582500155910907,-6.715280871291583,13.163575023412704
-0.02423489348321084,-6.852530021016051,13.422649189829826
2.6326659963160637e-07,-6.900172173976898,13.512473434209824
0.024234671170958677,-6.852529220031016,13.422649189829826
0.04582452117100644,-6.715278457210488,13.163575023412704
0.06287608294103109,-6.503708233602637,12.763202160596848
0.07461876804189416,-6.2383929699813905,12.259429797530174
0.08128409452486096,-5.940485026531462,11.691555842757225
0.08373490518609117,-5.628322501401911,11.09405829012394
0.08304863786590033,-5.315905224111702,10.493603348731995
0.08024945929142291,-5.012801238262142,9.908760622143745
-0.08232138372632392,-5.459452328036349,8.086446389555931
-0.0838150835397613,-5.799587666158558,8.577337712049484
-0.08220031453767263,-6.142963678445355,9.07079829275608
-0.07623567998444969,-6.4741795871010765,9.544728621840477
-0.06485276082233327,-6.772242065952923,9.969454169273376
-0.047636425205737964,-7.012125518959692,10.310042068362236
-0.025324125160395283,-7.1688320683719695,10.531933352351189
3.8939457169817615e-07,-7.223436951637268,10.609139293432236
0.025324115595708463,-7.1688312303873545,10.531933352351189
0.04763625690116413,-7.012123863711906,10.310038715600967
0.06485218949460148,-6.772239524357943,9.969449698925018
0.07623539085940223,-6.474175346273114,9.544724151492119
0.08219962161448535,-6.14295856240561,9.07079829275608
0.08381379188608662,-5.799583380614635,8.577333241701126
0.08231919914264552,-5.459447160460542,8.086441919207573
0.07883434943038026,-5.1325865206088395,7.612811416387558
-0.08159072835124448,-5.5694006842294215,5.501534394919872
-0.0837148363205813,-5.931946598247222,5.850697159767151
-0.08277868513481224,-6.300953877290922,6.2045338079333305
-0.07741258660053063,-6.659962836742395,6.547238849103451
-0.06636942222139908,-6.98578238946142,6.856914080679417
-0.04906711673916675,-7.25000224440177,7.107082657516003
-0.02619872775727572,-7.423613051802434,7.27098873257637
4.911751858571733e-07,-7.484299600124359,7.328195713460445
0.026198889575695716,-7.4236121840120575,7.27098873257637
0.04906688924921809,-7.24999963751074,7.107082657516003
0.06636922503764708,-6.98577803594921,6.8569096103310585
0.07741242048668084,-6.6599584729032415,6.547234378755093
0.08277721747708,-6.300950377524899,6.204529337584972
0.08371317597374173,-5.9319422129345725,5.850697159767151
0.08158859707867805,-5.56939541003139,5.501534394919872
0.07758646465558172,-5.22359760024554,5.167142532765865
-0.08105183072230204,-5.638641098160434,2.785640385001898
-0.08357566839998753,-6.015845140572097,2.967390079051256
-0.08308401554690192,-6.401804834094534,3.1525371447205544
-0.07812245141606411,-6.7794135157863025,3.3328541815280914
-0.06732481894582065,-7.124027201059903,3.4966746866703033
-0.04998948767743627,-7.404900743601672,3.6296717263758183
-0.026769109387160483,-7.590171184930938,3.717135615646839
-3.2936077332124114e-07,-7.655070781707764,3.7477269507944584
0.026769323646419707,-7.590170297654396,3.717135615646839
0.0499896010485088,-7.40489808083295,3.6296717263758183
0.067323808388835,-7.124023648852614,3.4966746866703033
0.07812122116828846,-6.779409961393469,3.3328497111797333
0.0830819146858559,-6.401801277413824,3.1525371447205544
0.08357445892921334,-6.015839802220896,2.967390079051256
0.08105047737826254,-5.638636421029901,2.7856359146535397
0.07673050790548075,-5.280577598479681,2.612400509417057
-0.08085381984710693,-5.662302553653717,5.149276711335915e-05
-0.0835157036781311,-6.0446131229400635,5.149276711335915e-05
-0.08317753672599792,-6.436514854431152,4.769248624825195e-05
-0.0783597081899643,-6.8206822872161865,4.769248624825195e-05
-0.06765115261077881,-7.171967148780823,4.769248624825195e-05
-0.05030938982963562,-7.458783745765686,4.769248624825195e-05
-0.02696780115365982,-7.6482338309288025,5.216283460640625e-05
-3.130204220269661e-07,-7.71464729309082,5.216283460640625e-05
0.026968054473400116,-7.648232936859131,5.216283460640625e-05
0.05030875653028488,-7.458781957626343,4.769248624825195e-05
0.06765064597129822,-7.171963572502136,4.769248624825195e-05
0.07835808396339417,-6.820679605007172,4.769248624825195e-05
0.08317634463310242,-6.436510384082794,4.769248624825195e-05
0.08351454138755798,-6.044608652591705,5.149276711335915e-05
0.08085218071937561,-5.662297189235687,5.149276711335915e-05
0.07642430067062378,-5.29999303817749,5.149276711335915e-05
-0.08105362588472076,-5.638645083953563,-2.785537216812372
-0.08357730759261983,-6.015849386649194,-2.9672913812100887
-0.08308546686133411,-6.401809345383484,-3.152438387274742
-0.07812367895932937,-6.779418285433053,-3.332751352339983
-0.06732578492574248,-7.124032205509224,-3.496575552970171
-0.049990267620231066,-7.40490680457745,-3.629573367536068
-0.026769451717925108,-7.590176505477828,-3.7170374169945717
-3.293598922482488e-07,-7.655077040195465,-3.747628156095743
0.026769665979031743,-7.590175618200959,-3.7170374169945717
0.04999038099336417,-7.404904141807606,-3.629573367536068
0.06732477437021345,-7.124028653300684,-3.496575552970171
0.07812244871291796,-6.7794147310389405,-3.332751352339983
0.08308336600124022,-6.401805788701495,-3.152438387274742
0.0835760981231175,-6.01584404829606,-2.9672913812100887
0.08105197334787562,-5.638639742522585,-2.785537216812372
0.0767321111900543,-5.280580713271576,-2.6122973412275314
-0.08159372028887901,-5.569407327217988,-5.50144112855196
-0.08371784150763517,-5.931954382721301,-5.850600138306618
-0.08278134587763475,-6.30096214798732,-6.204437345266342
-0.07741504168770064,-6.65997237603527,-6.547141671180725
-0.06637135418127116,-6.98579239836009,-6.856817580759525
-0.04906845378395985,-7.250012634645941,-7.106991186738014
-0.02619946947392293,-7.4236245796540175,-7.270897261798382
4.911775164373466e-07,-7.48431122303009,-7.328099772334099
0.026199631296321968,-7.423623711862945,-7.270897261798382
0.04906833771821795,-7.250010893606529,-7.106986716389656
0.06637115700087293,-6.985788044844668,-6.856817580759525
0.07741487557704829,-6.65996801219292,-6.547141671180725
0.08278012010785574,-6.300959400100226,-6.204432874917984
0.08371618116255775,-5.931949997405724,-5.850600138306618
0.0815915890179113,-5.569402053016745,-5.501436658203602
0.0775896712239188,-5.223603829830921,-5.167045392096043
-0.08232630226449089,-5.459462384930077,-8.086351603269577
-0.08381918152171863,-5.799598281350484,-8.577244520187378
-0.08220418470948232,-6.142975708549201,-9.070708855986595
-0.07623895343401443,-6.474192306158244,-9.54463966190815
-0.0648556587621556,-6.7722570793009425,-9.969365373253822
-0.04763831935332519,-7.012140238471375,-10.30995886027813
-0.02532520920780712,-7.168848916770429,-10.531846389174461
3.893979823033078e-07,-7.223453938961029,-10.60905209183693
0.02532519964894675,-7.168848078784805,-10.531846389174461
0.047638151053845945,-7.0121385832208745,-10.309954389929771
0.0648549264418321,-6.7722537036274275,-9.969365373253822
0.07623886890409182,-6.474188860266835,-9.544636309146881
0.08220349179013198,-6.142970592504341,-9.070708855986595
0.0838181630698216,-5.799594703481759,-8.57724004983902
0.08232368705149185,-5.459458078612897,-8.086347132921219
0.07883883862718477,-5.132596195700458,-7.612719625234604
-0.08305675854207095,-5.3159204620081795,-10.493524208664894
-0.08374189350514882,-5.628340580803865,-11.09398002922535
-0.08129115987424029,-5.940503215310031,-11.691482290625572
-0.07462391766721055,-6.238413567210145,-12.259353131055832
-0.06288131892014803,-6.503730444533204,-12.763123258948326
-0.045827564229384166,-6.715302216436527,-13.163496360182762
-0.0242361486960192,-6.852550960199437,-13.422575876116753
2.632707207794738e-07,-6.90019416809082,-13.512395173311234
0.024236727376717226,-6.852549358227009,-13.422575876116753
0.04582778795622744,-6.715299802351751,-13.163496360182762
0.06288039356372366,-6.50372803757287,-12.763118788599968
0.0746230644500443,-6.238411094249798,-12.259348660707474
0.08129016850431015,-5.940499846319824,-11.691477820277214
0.08374009596677467,-5.628336424143782,-11.093975558876991
0.08305528051153033,-5.315916097686795,-10.493520855903625
0.08025617690879017,-5.012810726166393,-9.908677011728287
-0.08360076305550024,-5.146974883570948,-12.693422928452492
-0.08336626904436173,-5.428916999310715,-13.369836881756783
-0.0800066991441355,-5.707376831161184,-14.03528816998005
-0.0726228183577291,-5.969994705472047,-14.660445779561996
-0.06056760519831528,-6.201235039647429,-15.208914875984192
-0.0437729519526755,-6.383807330257127,-15.640613168478012
-0.02302234480316656,-6.5013658884217875,-15.917956441640854
1.2351743805538717e-07,-6.542011082172394,-16.01373389363289
0.023022646220169918,-6.501364368601571,-15.917956441640854
0.04377338588233215,-6.383805901493133,-15.640610933303833
0.06056758671869744,-6.2012320118712125,-15.208910405635834
0.0726231482175308,-5.969991606303978,-14.66043795645237
0.0800059724260862,-5.707373625987941,-14.035283699631691
0.08336538004024874,-5.428912097394516,-13.369832411408424
0.08359913202956193,-5.146969871566057,-12.693413987755775
0.08161571627776709,-4.870440648318521,-12.027451753616333
-0.08382165349861737,-4.96081697406008,-14.673089548945427
-0.0826229100163971,-5.21172577089439,-15.394416511058807
-0.07836061877293332,-5.45654708720366,-16.095623284578323
-0.0703165449454275,-5.684635256146649,-16.74654644727707
-0.058040367053919795,-5.883167312378532,-17.311236917972565
-0.04159876538039953,-6.038363087227836,-17.751420497894287
-0.021760231229919214,-6.13755669968927,-18.032203882932663
-2.0960143842785328e-08,-6.171719908714294,-18.12879878282547
0.021760302502741524,-6.137556151722947,-18.032203882932663
0.041598564259530235,-6.038362648763851,-17.751418262720108
0.05804057661585915,-5.8831644836387795,-17.311234682798386
0.07031641043491277,-5.684632382930317,-16.74654197692871
0.07835959746269339,-5.456544809877499,-16.095616579055786
0.0826212328780116,-5.211724111030563,-15.39440980553627
0.0838195273017277,-4.960812952397077,-14.6730817258358
0.08273439847548048,-4.711849728455263,-13.954734653234482
-0.08364565711536898,-4.764841152440354,-16.433211714029312
-0.08149821413731217,-4.985816255864577,-17.173299968242645
-0.07639867394644284,-5.198835571780734,-17.88425150513649
-0.06779639151682204,-5.3949331482858724,-18.536548793315887
-0.0554087970462831,-5.563729287880889,-19.096309632062912
-0.03940175987831651,-5.6944334953237785,-19.528667002916336
-0.020506415610029194,-5.777397002896322,-19.802598357200623
-1.6370694311262923e-07,-5.805863857269287,-19.89649796485901
0.020506761175695942,-5.777395652406909,-19.802596122026443
0.039401417404860695,-5.694431632754686,-19.528664767742157
0.05540820267523827,-5.563727492955138,-19.096305161714554
0.06779508381216459,-5.394931209845112,-18.53654208779335
0.07639775152188122,-5.198832034711955,-17.88424703478813
0.0814975380886267,-4.985812526213067,-17.173293262720108
0.08364411066987998,-4.764837983543316,-16.433205008506775
0.08348616465585224,-4.542990777657877,-15.687608152627945
-0.08305682104965229,-4.565207182524588,-17.984245002269745
-0.08002361715045936,-4.758403817113447,-18.722716450691223
-0.07418900597076572,-4.942490088073498,-19.4240719974041
-0.06515179490082801,-5.110042082715211,-20.060483396053314
-0.05276221673744885,-5.252776059145944,-20.60112115740776
-0.037250783728211445,-5.362339115226888,-21.01517704129219
-0.01929804281712677,-5.431445546973052,-21.275911688804626
3.3162868362524023e-07,-5.455078363418579,-21.364998131990433
0.019298074879259275,-5.431444277387769,-21.275909453630447
0.03725105511449556,-5.362338277911817,-21.015172570943832
0.05276197554523776,-5.252774458514267,-20.601116687059402
0.06515168307001318,-5.110039663656337,-20.060478925704956
0.07418780057639651,-4.942487486228785,-19.42406529188156
0.0800220872328552,-4.758401026236271,-18.722709745168686
0.08305480403891607,-4.565204922833331,-17.984240531921387
0.08380987998081935,-4.369013756076811,-17.23184859752655
0.08347612667431292,-3.9750989990115784,17.928758829832077
0.08255957881793563,-4.14707504226854,16.377916008234024
0.08272411402069935,-3.5338670096729174,18.606375426054
0.08105787609790838,-3.6991349393161244,17.056074291467667
0.08160383883023314,-3.044003504389565,19.243996262550354
0.07905262402146462,-3.196828046183242,17.70082125067711
0.08024257026151815,-2.506385110471001,19.817437529563904
0.07671987289349147,-2.640271858360549,18.28645271062851
0.07882426248241359,-1.924703017515526,20.30069836974144
0.07434034545421042,-2.0329002661476068,18.784403324127197
0.07757564321077126,-1.305876718897352,20.668360501527786
0.07226094937225014,-1.3821432837181504,19.16606566309929
0.07671554876995401,-0.6600528877416139,20.89877676963806
0.0708335098690327,-0.6995206179090587,19.406531512737274
0.07640820741653442,1.8776193769554084e-05,20.977310478687286
0.07032325863838196,1.8388352430065424e-05,19.48871386051178
0.07671370632279917,0.6600900762284354,20.898763358592987
0.07082995580788065,0.6995565433069828,19.406524807214737
0.07757099437260706,1.3059160838533472,20.668333679437637
0.07225580791962471,1.3821773353733136,19.166045546531677
0.07881783636197781,1.9247364718155069,20.300663888454437
0.07433266928053683,2.032932876035865,18.784375548362732
0.08023298594849138,2.506413350419436,19.8174030482769
0.07671058697995647,2.640301332908507,18.28640976548195
0.08159386461674956,3.0440308011738324,19.243946611881256
0.07904097583352865,3.1968542522663626,17.700778305530548
0.08271197252068418,3.5338886952853983,18.606325298547745
0.0810445184395121,3.6991527722065456,17.05602863430977
0.08346391385320828,3.9751159289249784,17.92870071530342
0.08254619859940249,4.14709214080878,16.37785518169403
0.08105976594517017,-4.31566034677266,14.61951045691967
0.07859642469934158,-3.862794038303292,15.279527872800827
0.07543189550810325,-3.349690399638078,15.913793176412582
0.07180509666549995,-2.775450468365662,16.49592861533165
0.06811302840900879,-2.143038963578178,16.995656937360764
0.06488248974555688,-1.4602708794601256,17.381748348474503
0.06265757540870709,-0.7401183212778619,17.626418977975845
0.06186363101005554,1.7755027471366702e-05,17.710290789604187
0.06265508530828612,0.7401576054643684,17.62640556693077
0.06487640922735949,1.4603086886364167,17.381725519895554
0.06810500440610667,2.1430708157183744,16.995627403259277
0.0717933575960501,2.775476901295619,16.495896846055984
0.07541940497541333,3.349714740599765,15.913747757673264
0.07858265550345322,3.862812946602375,15.279482454061508
0.08104386970250488,4.315676934258654,14.619454741477966
0.07905650867531477,-4.47557177249827,12.643474236130714
0.07543396479175613,-4.019635924244966,13.261508077383041
0.07084079073574401,-3.4976841517150916,13.861844673752785
0.06557747329907215,-2.9075985334834513,14.418702945113182
0.06019507894163212,-2.251637691353565,14.901459515094757
0.055453201102452,-1.5378287186337758,15.277537733316422
0.052169134558710084,-0.7805949104200209,15.51732936501503
0.05099135637283325,1.9858109297388182e-05,15.59979635477066
0.05216542761931464,0.7806336712760142,15.517320424318314
0.05544569819503664,1.537865587260626,15.27752161026001
0.06018601365849463,2.251669883428363,14.901427984237671
0.06556578123863233,2.9076255013469847,14.418670937418938
0.07082675664545235,3.49770849346784,13.861804842948914
0.07541915716223002,4.019651476681119,13.26146712899208
0.07903969367458785,4.475585901003427,12.643431454896927
0.07672630590985108,-4.620496820346105,10.44943742454052
0.07180963804424323,-4.163190943617764,10.997313246130943
0.06557937896189969,-3.634507327892493,11.534978538751602
0.05840195484247346,-3.0309516826335425,12.03884357213974
0.05099727395616327,-2.3538779207405867,12.479864537715912
0.044410695357107954,-1.6113473309370647,12.826286122202873
0.039814382444689045,-0.819135960536542,13.04851384460926
0.038159579038619995,1.866156092944493e-05,13.125188559293747
0.039810396810921134,0.8191721059725268,13.048506021499634
0.04440270039246741,1.6113844978782481,12.826268643140793
0.05098717351301474,2.353909529167943,12.479839235544205
0.05838921815892206,3.030978060513803,12.038813799619675
0.06556556991199614,3.6345263527545058,11.534945413470268
0.07179308053127897,4.163206722089058,10.997278288006783
0.0767090642932402,4.620508264646617,10.449402466416359
0.07434851923439822,-4.743471761853698,8.050504431128502
0.06812029732969904,-4.286108810723718,8.497866094112396
0.060200371868745606,-3.7527487942222706,8.940904021263123
0.051000097213311335,-3.138514501861337,9.359915241599083
0.04141073087911451,-2.4437536147963215,9.729891955852509
0.03279324301288966,-1.6763982467632275,10.022724241018295
0.026733790455963913,-0.8533821871972975,10.211629942059517
0.024540871381759644,2.0329310245870147e-05,10.277013570070267
0.026730030303909302,0.8534162154374272,10.211625471711159
0.032785262184916064,1.6764317487041325,10.022706121206284
0.041399302574411934,2.443785879802583,9.729874476790428
0.05098643517183632,3.138539414758853,9.359893292188644
0.060185725831615855,3.752765303576723,8.940877601504326
0.06810244504112006,4.286124610576223,8.497839197516441
0.07433092869332114,4.743481682714332,8.050477772951126
0.07227251687112357,-4.837565327885173,5.476070575416088
0.06489285843450432,-4.380869414846416,5.793960057199001
0.05546128075339851,-3.844611352926691,6.111056588590145
0.044415986765699245,-3.2227240342994605,6.413174621760845
0.0327964172549855,-2.514608581555649,6.681835524737835
0.022263176608575463,-1.7279733887790627,6.895798750221729
0.014804600732205131,-0.8806331426423242,7.034474179148674
0.012095034122467041,1.8191771630426956e-05,7.082587793469429
0.01479982030180338,0.8806702240695685,7.034469708800316
0.022254909338911943,1.7280059929708926,6.895790249109268
0.032784198141293075,2.514638886907399,6.681826427578926
0.04440153985341766,3.2227465876172516,6.413161173462868
0.05544459243901656,3.844630809822661,6.111041866242886
0.0648743571732382,4.380882679429199,5.793945334851742
0.07225297776255246,4.8375757383002735,5.476048186421394
0.0708467732929634,-4.896778628408882,2.7724112272262573
0.062671376832526,-4.440824999404285,2.937787711620331
0.05218073021583791,-3.9030663821120584,3.1035129725933075
0.03982386247481173,-3.276608864766203,3.2621713913977146
0.02674012269400805,-2.5601855940824407,3.4039122872054577
0.014808103266197747,-1.761284380222989,3.517264537513256
0.00631663726199605,-0.8982823094459889,3.5909558050334454
0.0032256245613098145,1.8988555211763014e-05,3.616565715521574
0.006312198993576601,0.898321112910061,3.590951334685087
0.014799224167141745,1.7613179854200922,3.5172597505152225
0.02672813055056622,2.560214070128879,3.4039115719497204
0.03980830875703134,3.2766337565580983,3.2621663250029087
0.052163389016641304,3.903085323880987,3.1035080663859844
0.06265260756081403,4.440838033317661,2.937781870365143
0.07082807767687171,4.896783150866128,2.772405445575714
0.07033935189247131,-4.917001187801361,5.149276711335915e-05
0.06187838315963745,-4.461366236209869,5.149276711335915e-05
0.05100521445274353,-3.9231534600257874,5.149276711335915e-05
0.03817209601402283,-3.2951779961586,5.149276711335915e-05
0.0245511531829834,-2.575933277606964,5.149276711335915e-05
0.012102186679840088,-1.772823616862297,5.149276711335915e-05
0.0032296478748321533,-0.9044050872325897,5.149276711335915e-05
-4.291534423828125e-06,1.9265831951997825e-05,5.149276711335915e-05
0.003225177526473999,0.9044420793652534,5.149276711335915e-05
0.012093693017959595,1.7728555798530579,5.529304797846635e-05
0.024539083242416382,2.575961709022522,5.529304797846635e-05
0.0381568968296051,3.295200377702713,5.529304797846635e-05
0.05098867416381836,3.9231693744659424,5.529304797846635e-05
0.0618596076965332,4.461378514766693,5.529304797846635e-05
0.07031968235969543,4.91700953245163,5.529304797846635e-05
0.07084847639688974,-4.8967815235362195,-2.77231252938509
0.06267354473118303,-4.440828158176728,-2.9376848228275776
0.052183022967270176,-3.9030691660198897,-3.103410679847002
0.03982627516838022,-3.2766112084002827,-3.2620737478137016
0.026743062941946505,-2.56018773614565,-3.403814524412155
0.014811144130426612,-1.7612858571277172,-3.5171627029776573
0.006319743690845314,-0.8982830638127268,-3.590854447335005
0.0032287538051605225,1.898857108528773e-05,-3.616464536637068
0.006314861645115855,0.8983217595380495,-3.5908499769866467
0.01480226502764026,1.7613194623553028,-3.517158232629299
0.026731070793474032,2.5602162122200767,-3.403801988810301
0.03981112355965877,3.2766364908247283,-3.2620609924197197
0.052165681761835,3.9030881078095945,-3.103397984057665
0.06265477545260012,4.44084119210865,-2.93766825273633
0.070830121394863,4.896786625034608,-2.772296018898487
0.07227592307950914,-4.837571118138243,-5.475973553955555
0.06489683291538029,-4.380875682766387,-5.793863035738468
0.05546548413101959,-3.844616933594864,-6.110960125923157
0.04442124888923615,-3.2227270949242666,-6.413078874349594
0.03280187771613896,-2.514612559670283,-6.681740455329418
0.02226882392785967,-1.7279761316021052,-6.895699925720692
0.01481036981434869,-0.880634543609105,-7.034375675022602
0.012101292610168457,1.8191803363265535e-05,-7.082489646971226
0.014806033155394971,0.8806717328682154,-7.034371204674244
0.022260556651261254,1.7280087358505796,-6.89569154381752
0.03278965859239236,2.514642865076766,-6.6817236095666885
0.044406330607905886,3.222753292182311,-6.413057796657085
0.05544917792940396,3.84463542400556,-6.110939048230648
0.06487781562697137,4.38089067532637,-5.793837487697601
0.07225672457829546,4.837582107610899,-5.475944250822067
0.07435362854697303,-4.7434818777447845,-8.050410002470016
0.06812607839279394,-4.286117710954059,-8.49777290225029
0.06020733951632451,-3.752753757075709,-8.940815061330795
0.051007357989874436,-3.138518883733397,-9.359826520085335
0.04141829151762977,-2.4437591229550435,-9.729804590344429
0.03280106237852465,-1.6764020445146315,-10.022633120417595
0.02674222219140887,-0.8533821829203987,-10.211539939045906
0.024549812078475952,2.0329359841753103e-05,-10.276919335126877
0.02673804164102478,0.8534202553279897,-10.211535468697548
0.032793515949123275,1.6764357575282816,-10.022616356611252
0.0414068631985387,2.4437913880409283,-9.729779601097107
0.05099367323575166,3.138545015218696,-9.359798654913902
0.060191368298163184,3.7527751754423093,-8.940781608223915
0.0681085874002747,4.286133560486746,-8.497738972306252
0.07433551710600739,4.743492101158012,-8.050376072525978
0.07673277770577869,-4.620508775501264,-10.449350461363792
0.07181650305666665,-4.163201423234327,-10.997230514883995
0.0655874650755166,-3.6345148584912153,-11.534897163510323
0.058410399270513835,-3.030961315860395,-12.03875932097435
0.05100692142437424,-2.3538832366314466,-12.47978475689888
0.0444198179509101,-1.6113517616425383,-12.8262108117342
0.03982499195649325,-0.819136529074072,-13.048432543873787
0.038169413805007935,1.8661615484916183e-05,-13.125110611319542
0.039820603641821606,0.8191764948044735,-13.04842472076416
0.044412257382020925,1.6113891396790336,-12.826190695166588
0.05099602093458344,2.3539182221953467,-12.47975306212902
0.05839764750260201,3.030988719967212,-12.03872363269329
0.06557276878565688,3.634537968931241,-11.534857004880905
0.07179983590977201,4.163218844074308,-10.997186124324799
0.0767162173050977,4.620520424239629,-10.449305832386017
0.07906366171459922,-4.475583932026382,-12.643397495150566
0.07544271639764588,-4.019645813733916,-13.26143316924572
0.07084957961744465,-3.4976955386138116,-13.86177159845829
0.06558750664383695,-2.9076062015220856,-14.418635696172714
0.060205968127881704,-2.2516440539895655,-14.901384681463242
0.0554640613331685,-1.537833993283158,-15.277467370033264
0.05218067272369353,-0.7805961159692316,-15.517257243394852
0.05100297927856445,1.9858179314269364e-05,-15.59972870349884
0.05217658290108318,0.7806381293145179,-15.517248302698135
0.05545742722694058,1.5378712840218824,-15.277449488639832
0.06019693455863262,2.25167664768459,-14.901350751519203
0.0655750494203744,2.9076365824702535,-14.418593943119049
0.07083592762366919,3.4977196291912236,-13.861725375056267
0.07542774871375002,4.01966638062116,-13.261378720402718
0.07904786854528822,4.475599797681156,-12.643341928720474
0.08106794084720548,-4.315675197050524,-14.619438663125038
0.07860545761175786,-3.8628079151068846,-15.27945926785469
0.07544258970136752,-3.34970014274748,-15.913724809885025
0.07181589735800031,-2.775458808288988,-16.49586719274521
0.06812510713934472,-2.1430458356994393,-16.9955937564373
0.06489501806058229,-1.4602753619445679,-17.38168692588806
0.0626704449004194,-0.7401214464931059,-17.626355797052383
0.06187570095062256,1.7755100174099425e-05,-17.710235595703125
0.06266751101472323,0.7401606230734075,-17.626344621181488
0.06488820781179072,1.4603160215071398,-17.38166233897209
0.06811602760531343,2.1430807741970384,-16.995562463998795
0.07180467323296114,2.7754901802806415,-16.495823919773102
0.07543010444999965,3.349727732277046,-15.913676351308823
0.07859277233029616,3.8628267339571494,-15.279406815767288
0.08105272581035194,4.315691988997017,-14.619377508759499
0.0825687755827218,-4.147090675947524,-16.377850115299225
0.08106801440554534,-3.6991461068177216,-17.056015104055405
0.07906326213102943,-3.196838429512269,-17.700768291950226
0.07673144028085943,-2.6402811108721806,-18.28639927506447
0.07435238503367714,-2.032907513715486,-18.78435307741165
0.072273891910271,-1.3821482477945324,-19.1660158932209
0.07084672102394762,-0.6995223807254973,-19.406482219696045
0.07033577561378479,1.8388433801419524e-05,-19.488665848970413
0.07084415661523735,0.6995613544029027,-19.40646880865097
0.07226849550742998,1.3821848196205693,-19.16599130630493
0.07434450097408529,2.0329431143973764,-18.784321784973145
0.07672153803703452,2.6403137160122157,-18.286353766918182
0.0790524395562997,3.1968667414091243,-17.700713843107224
0.08105425249859621,3.6991700833840184,-17.055959224700928
0.08255539532677858,4.147107774575545,-16.37778976559639
0.08348674201950246,-3.975114486308229,-17.928700119256973
0.08273421147839599,-3.533879780089933,-18.606326460838318
0.08161595224996887,-3.044016326875237,-19.24394378066063
0.0802536985355502,-2.5063940036551458,-19.8173947930336
0.07883668384363318,-1.9247107049800434,-20.30065482854843
0.07758824108071849,-1.305882837472467,-20.668316960334778
0.0767284182624337,-0.6600547499046456,-20.898734986782074
0.07642161846160889,1.8776287348032383e-05,-20.9772647023201
0.07672625401077937,0.6600944050580608,-20.898721575737
0.07758315781160263,1.305921991617339,-20.668294608592987
0.07882935699719695,1.9247467955925188,-20.300619065761566
0.08024518034811479,2.5064270142753884,-19.817347049713135
0.081605328337929,3.0440447208344494,-19.24389237165451
0.08272211844979438,3.5339054444411317,-18.60626482963562
0.08347375441789495,3.9751346042163362,-17.92863529920578
-0.08364533481004344,-4.169233103984681,-18.780815988779068
-0.08149804062475141,-4.362586526303403,-19.626634627580643
-0.07639806178514164,-4.548977230323231,-20.439154148101807
-0.06779628836343932,-4.720563885564303,-21.184627175331116
-0.05540872031687627,-4.868258390210812,-21.82436293363571
-0.03940104382620291,-4.982626931524237,-22.318477034568787
-0.02050656200574963,-5.055218047554504,-22.63154488801956
1.4187912711349782e-07,-5.0801273584365845,-22.73885989189148
0.02050632087762949,-5.055218632044401,-22.631540417671204
0.039401529703617655,-4.982625634543467,-22.31847256422043
0.05540834211971202,-4.868257136478491,-21.824356228113174
0.06779522633927115,-4.720561738813956,-21.18462046980858
0.07639746701919137,-4.548974129332038,-20.43914520740509
0.08149711358699108,-4.362584464101161,-19.626625686883926
0.08364432604695793,-4.16922937758433,-18.78080704808235
-0.08382129657351811,-3.7206069839711233,-19.56413021683693
-0.08262236695424008,-3.9087889441051686,-20.525898277759552
-0.07836034389180213,-4.092402958489174,-21.460845172405243
-0.07031607437969001,-4.2634694616145055,-22.328743517398834
-0.058040384624746366,-4.412368306543328,-23.081662118434906
-0.04159836516002713,-4.5287644362983315,-23.66857612133026
-0.02176014306841978,-4.6031607541993225,-24.04295215010643
-8.65308322772762e-08,-4.628781318664551,-24.171742856502533
0.02176060183978734,-4.60315946971923,-24.04294991493225
0.04159866767900411,-4.528762794659613,-23.668571650981903
0.05803992725733309,-4.412366656083989,-23.08165541291237
0.07031538831444806,-4.263468198948104,-22.328736811876297
0.07835920087387649,-4.092399966787042,-21.460840702056885
0.08262076403320862,-3.9087868828578394,-20.525891572237015
0.08381994288977523,-3.7206031507386115,-19.564119040966034
-0.08359971929250776,-3.216850484136046,-20.309497594833374
-0.08336485600267451,-3.3930624408679932,-21.391769349575043
-0.08000641320771251,-3.567100067666928,-22.456487476825714
-0.07262188147289805,-3.731236627701577,-23.45673480629921
-0.060567350773126805,-3.8757606391415322,-24.334284335374832
-0.04377291944008732,-3.989869341050621,-25.025003999471664
-0.02302238578359095,-4.063343501497243,-25.468752086162567
1.1403147937016911e-07,-4.088746607303619,-25.621992975473404
0.02302221688327677,-4.063342453440072,-25.468749850988388
0.04377261609139538,-3.9898674897825117,-25.024999529123306
0.060567253570177115,-3.8757589179117105,-24.334277629852295
0.07262106291901205,-3.7312348874023655,-23.456725865602493
0.08000587452514196,-3.5670990034830936,-22.456478536128998
0.0833637152214095,-3.3930614729607385,-21.391758173704147
0.08359843876400674,-3.216848408534858,-20.30948641896248
-0.08305481254424762,-2.657948602541353,-20.987086951732635
-0.08374089890396874,-2.8141571897602375,-22.187999069690704
-0.08128952582379156,-2.9702383144828417,-23.38300311565399
-0.07462222463179558,-3.1191934878391265,-24.51874479651451
-0.06287995660596835,-3.251851854296632,-25.52628728747368
-0.045826452464666545,-3.357636891644944,-26.32703125476837
-0.024235744771999634,-3.4262615699088315,-26.84519252181053
1.1664907617614517e-07,-3.4500827193260193,-27.024824410676956
0.024235860926495434,-3.426261273577907,-26.845190286636353
0.04582696782873796,-3.35763564826442,-26.327026784420013
0.06287965756903446,-3.251851095310741,-25.52628281712532
0.07462138300134313,-3.119192432555053,-24.518735855817795
0.08128901988551007,-2.9702354097815657,-23.382994174957275
0.0837392462605493,-2.8141538054370727,-22.187992364168167
0.08305336754446557,-2.6579458473346165,-20.98707801103592
-0.0823237165713806,-2.047283723627231,-21.56368350982666
-0.08381745328377121,-2.174834215352078,-22.87272921204567
-0.08220322282912207,-2.3036017051019826,-24.18862760066986
-0.07623759209926106,-2.427806679068283,-25.452441602945328
-0.06485455020921904,-2.539580088020557,-26.585044026374817
-0.04763727524559158,-2.6295374588252116,-27.49327725172043
-0.02532502285554017,-2.6883025677968106,-28.08499175310135
1.9753237268105295e-07,-2.708779603242874,-28.290875911712646
0.025325160976152006,-2.688302139171114,-28.08498951792717
0.04763717619541552,-2.629536701209787,-27.49327054619789
0.06485432617535736,-2.539578429679409,-26.58503732085228
0.07623667083464625,-2.4278059957345732,-25.45243266224861
0.08220169202960648,-2.3035996839959267,-24.188618659973145
0.08381633697457147,-2.174831800952603,-22.872720271348953
0.08232163608992948,-2.047282319782454,-21.563672333955765
-0.08159203560120432,-1.3923340901383199,-22.005896866321564
-0.08371521385340941,-1.482970681583538,-23.40254345536232
-0.082779081993678,-1.5752224715553353,-24.81788381934166
-0.07741294747528116,-1.66497486483172,-26.188700795173645
-0.0663695233287882,-1.74642989129498,-27.427402198314667
-0.04906763822631888,-1.812484456127578,-28.428083688020706
-0.026199098979958535,-1.8558889138534767,-29.083704471588135
3.5776565709966235e-08,-1.8710602670907974,-29.31252697110176
0.026199003227688422,-1.8558886190210018,-29.083702236413956
0.049067442557479524,-1.812483683789992,-28.42807698249817
0.06636906351438654,-1.7464290531018634,-27.42739325761795
0.07741252255389952,-1.6649744372492705,-26.18869185447693
0.08277823069973067,-1.5752206749753555,-24.817874878644943
0.08371361220241624,-1.4829689599418856,-23.402534514665604
0.08159003155713407,-1.3923319275343857,-22.00588569045067
-0.08105134542817893,-0.7048120257152419,-22.284647285938263
-0.0835743529592321,-0.7519620927972284,-23.738664478063583
-0.0830823344492444,-0.8002066674862931,-25.219849795103073
-0.07812180917420619,-0.8474080192870019,-26.662352234125137
-0.0673237462258669,-0.8904850141058063,-27.97294247150421
-0.049989420868172374,-0.9255932798911175,-29.036906629800797
-0.0267690373418219,-0.9487523590542821,-29.73661807179451
5.132477554070647e-08,-0.9568650722503662,-29.98133024573326
0.026769081919383098,-0.948752134972068,-29.73661583662033
0.04998913233050928,-0.9255929832598611,-29.03689992427826
0.06732307136662996,-0.8904844672441357,-27.972935765981674
0.07812091336128191,-0.8474066739243256,-26.662341058254242
0.0830808829488916,-0.8002052879114245,-25.219838619232178
0.08357267361273557,-0.7519626798623449,-23.73865106701851
0.08104909178291564,-0.7048108355581064,-22.284636110067368
-0.08085069060325623,1.937617861358376e-05,-22.37994009256363
-0.08351302146911621,2.084815282898944e-05,-23.85395535826683
-0.08317440748214722,2.0943275075069323e-05,-25.358235716819763
-0.07835590839385986,2.104124321533618e-05,-26.826030254364014
-0.06764891743659973,2.1134812598688768e-05,-28.162145525217056
-0.05030737817287445,2.1213926103769154e-05,-29.248699337244034
-0.026967018842697144,2.12674948016911e-05,-29.964217752218246
7.156370429584058e-08,2.128652016608612e-05,-30.214641094207764
0.026967160403728485,2.1266921649498727e-05,-29.964215517044067
0.05030730366706848,2.1465277058041465e-05,-29.248694866895676
0.06764863431453705,2.064087409792137e-05,-28.16213881969452
0.07835495471954346,2.185266181697898e-05,-26.826021313667297
0.08317321538925171,2.1760302971074452e-05,-25.358224540948868
0.08351141214370728,2.0622780269263785e-05,-23.853944182395935
0.08084860444068909,1.8657241113828604e-05,-22.379926681518555
-0.08104858838750317,0.7048526841180589,-22.28463387489319
-0.08357199010683303,0.7520030744434294,-23.73864659667015
-0.0830797585616807,0.8002476341141147,-25.21982967853546
-0.07811956074380078,0.847449062842351,-26.662332117557526
-0.06732235533169728,0.890524871147278,-27.97292011976242
-0.04998805550836494,0.9256357596148561,-29.036882042884827
-0.02676839665431885,0.9487936873166944,-29.73659348487854
5.1429665859359375e-08,0.9569048881530762,-29.98130565881729
0.026768361066118018,0.9487933074978514,-29.73659124970436
0.049987889915016126,0.9256355860563303,-29.03687533736229
0.06732168045784448,0.8905238201146943,-27.972913414239883
0.07811888212572882,0.8474482415515823,-26.66232094168663
0.08307874588535213,0.8002480179868883,-25.219820737838745
0.08357031075604482,0.7520020090943547,-23.738635420799255
0.08104647676513821,0.7048525191897497,-22.284620463848114
-0.08158725583653847,1.39237292064265,-22.005870044231415
-0.0837103307489997,1.4830092774425339,-23.402512162923813
-0.08277428176327817,1.5752606629139905,-24.817850291728973
-0.07740900408674634,1.665013093431412,-26.1886627972126
-0.06636604058979856,1.7464676798999506,-27.427359730005264
-0.049065543741335205,1.8125223749988777,-28.428036749362946
-0.026197888900782118,1.855926338321595,-29.083657532930374
3.5827298461299506e-08,1.8710964024066925,-29.312480032444
0.02619789549004281,1.8559264409128673,-29.083655297756195
0.04906519710011281,1.812521602661434,-28.428032279014587
0.06636576837664876,1.7464667111479102,-27.427350789308548
0.07740795501224795,1.6650127193417248,-26.188653856515884
0.08277343046083274,1.5752596282321818,-24.817839115858078
0.08370830379787719,1.4830084072154932,-23.402505457401276
0.0815846412262573,1.392372284474007,-22.00585886836052
-0.08231750918291425,2.047318704693346,-21.563642472028732
-0.08381068803581115,2.1748692387203263,-22.872684508562088
-0.08219653380395187,2.303636118519492,-24.18857842683792
-0.07623199261742286,2.4278409463329993,-25.45238572359085
-0.06484982082019997,2.539613315108255,-26.584983676671982
-0.04763377854609985,2.6295702584112917,-27.493212431669235
-0.025323165848050166,2.688333952487625,-28.084926933050156
1.97568496673739e-07,2.708811968564987,-28.290808856487274
0.025323458943603327,2.688333946663377,-28.084924697875977
0.04763355303331451,2.6295691321919037,-27.493207961320877
0.06484975711553176,2.5396119682454668,-26.584976971149445
0.07623155161056161,2.427839302489218,-25.452379018068314
0.08219565622990643,2.3036345476400726,-24.188567250967026
0.08380928055957071,2.1748676978283754,-22.87267556786537
0.08231532819034015,2.0473163328626143,-21.563633531332016
-0.08304648044223484,2.6579807585237916,-20.987034738063812
-0.08373203614502245,2.8141891072006757,-22.187941908836365
-0.08128218369688511,2.970269015741451,-23.382937490940094
-0.07461574372624113,3.119223065828578,-24.518676936626434
-0.06287489356165565,3.251881289848569,-25.526214957237244
-0.04582257898815101,3.357663533138812,-26.326953023672104
-0.02423398325552739,3.426288929617648,-26.8451090157032
1.1667519572711171e-07,3.4501112699508667,-27.0247423350811
0.02423404374110305,3.4262882003380284,-26.845106780529022
0.045822765697572265,3.357662727971679,-26.326948553323746
0.06287456007831338,3.2518793456828874,-25.526208251714706
0.07461516272542212,3.119221489285792,-24.518667995929718
0.081280830592803,2.9702678053735383,-23.382930785417557
0.08373143659419213,2.814186694855202,-22.18793296813965
0.08304471466387042,2.657978644879705,-20.987028032541275
-0.08358970792477294,3.2168770670391496,-20.309441715478897
-0.08335577940280814,3.393089363919131,-21.391701489686966
-0.07999708409148809,3.5671260485488006,-22.456413716077805
-0.07261469739052018,3.7312602613989867,-23.45665353536606
-0.06056180470244499,3.8757843760113957,-24.334200024604797
-0.04376856774877069,3.989890794713304,-25.024916499853134
-0.02302034001606046,4.063364610046932,-25.468658834695816
1.1405120403651381e-07,4.0887675285339355,-25.621898293495178
0.023020261298057676,4.0633644376772935,-25.468656599521637
0.04376838959113627,3.989888943425754,-25.024912029504776
0.060561472592453924,3.875781364779229,-24.33419331908226
0.07261387884106796,3.731258521092954,-23.456644594669342
0.07999652325104023,3.5671231674129373,-22.45640477538109
0.08335429115683723,3.393087203396277,-21.39169254899025
0.08358806010841846,3.2168744817725354,-20.309430539608
-0.08380948001764921,3.720629488662908,-19.564063161611557
-0.0826123360093618,3.908809143557747,-20.525828182697296
-0.07835068953224322,4.092422575310422,-21.46076613664627
-0.07030744694944246,4.263486362350918,-22.328659534454346
-0.05803319908325477,4.412383703520632,-23.081570476293564
-0.04159385301142038,4.528780627142368,-23.66848063468933
-0.021757624526983932,4.60317349793182,-24.04285380244255
-8.651618088606483e-08,4.628796637058258,-24.171640664339066
0.02175808332741269,4.603172754860992,-24.04285156726837
0.04159374515398895,4.528779831152377,-23.668473929166794
0.05803331819787161,4.4123820530481765,-23.081566005945206
0.07030731465724216,4.263485235222824,-22.32865059375763
0.07834986073287098,4.092419583601298,-21.460759431123734
0.08261170876587443,3.9088063952279697,-20.52581924200058
0.08380778624549379,3.720627015777808,-19.56405645608902
-0.0836330683252271,4.1692503656859685,-18.780746698379517
-0.0814865906559703,4.362601216042918,-19.626556396484375
-0.07638819236822769,4.548992047030843,-20.439068406820297
-0.067787655297181,4.720576739632335,-21.184536159038544
-0.05540172659200948,4.868269558588672,-21.824266016483307
-0.03939622937775766,4.982635056865625,-22.318376451730728
-0.020504225288618727,5.055227059309992,-22.63144126534462
1.4189076580350957e-07,5.080133438110352,-22.7387615442276
0.02050391913758176,5.055226759239304,-22.63143679499626
0.039396112782171144,4.982633759872982,-22.31837421655655
0.0554013484080329,4.868268304845159,-21.82426154613495
0.06778723022699751,4.720574592871593,-21.184527218341827
0.07638667504497221,4.548988883470656,-20.43906170129776
0.08148532417067145,4.362599832737715,-19.626549690961838
0.08363205956283082,4.1692473386951505,-18.7807377576828
-0.08362376931953008,4.16923229980182,18.78080317378044
-0.0814781005303189,4.362580506518881,19.62661239504814
-0.0763807685671054,4.548968507295143,20.439122170209885
-0.06778049390061369,4.720552102708027,21.18458130955696
-0.05539602888077866,4.868241741333591,21.8243125975132
-0.03939266915224948,4.982608533245134,22.31841680407524
-0.020502143899264524,5.055200184053284,22.631476670503616
1.4188401564751985e-07,5.080107510089874,22.738793432712555
0.020502365002613487,5.055198407119647,22.631476670503616
0.03939230025680729,4.982606123279574,22.31841680407524
0.055395650683912834,4.868240487601113,21.82430589199066
0.06777975034684403,4.720550592903905,21.184574604034424
0.07637990897087121,4.548964686012127,20.439115464687347
0.08147687771241863,4.362577773930752,19.626605689525604
0.08362243989537177,4.1692286498606705,18.780796468257904
-0.08379985391762546,3.720611716270639,19.564117401838303
-0.0826024025475931,3.908789507441554,20.525876998901367
-0.07834200371202371,4.092401424365121,21.4608114361763
-0.07029995389542876,4.263463602043608,22.32869765162468
-0.05802763787492893,4.412360709288706,23.08160236477852
-0.0415897654496149,4.528753964033108,23.668508380651474
-0.02175604927164443,4.603150255027771,24.042877227067947
-8.652338578940544e-08,4.628770351409912,24.171664893627167
0.021755891041777886,4.6031486307681675,24.042877227067947
0.041589657578271044,4.5287537235491016,23.668503910303116
0.05802718050871647,4.4123596352970935,23.08159565925598
0.07029871405983101,4.263461602220474,22.328690946102142
0.07834112861624476,4.092400418261654,21.460798025131226
0.08260112713166734,3.9087867911843617,20.52587029337883
0.08379815668434532,3.720608671316853,19.564110696315765
-0.08357934999202143,3.2168618860557245,20.309487015008926
-0.0833456382005835,3.393072095713734,21.391744554042816
-0.07998771862004617,3.5671057532891197,22.45645183324814
-0.07260588172360372,3.7312377918061657,23.456684947013855
-0.06055408206265156,3.8757588853018845,24.33422601222992
-0.043763621563655875,3.9898647926164585,25.02493578195572
-0.02301763553802516,4.0633395310968865,25.468674927949905
1.1404235067402624e-07,4.088742434978485,25.621913582086563
0.02301785744670326,4.063337607331206,25.468674927949905
0.04376348843834421,3.9898637680620936,25.02493131160736
0.06055442496277408,3.875759975383133,24.334217071533203
0.0726061970425107,3.731238121956153,23.45667377114296
0.07998683711674914,3.5671022492066555,22.4564451277256
0.08334380248855666,3.3930681124851105,21.39173784852028
0.08357766517193,3.2168581305545345,20.30948030948639
-0.08303539626417944,2.657966926170772,20.987079560756683
-0.08372131207866573,2.81417305096884,22.18797779083252
-0.08127110007222882,2.9702506477074024,23.38297113776207
-0.07460568336914264,3.119202657649346,24.518700689077377
-0.06286741388198891,3.2518600574301075,25.52622801065445
-0.04581708414828256,3.35764147207054,26.326962560415268
-0.024231106548768366,3.4262657711040987,26.84511759877205
1.1666585919556383e-07,3.4500881135463715,27.024743735790253
0.024231282876129967,3.4262663406147524,26.84511312842369
0.04581811099630784,3.357642654274102,26.32695585489273
0.06286708038856403,3.2518581132797806,25.52622354030609
0.07460574367135564,3.119202327045109,24.518689513206482
0.08127038233313044,2.9702499859633065,23.382959961891174
0.08371965942996695,2.814169666661982,22.18797332048416
0.08303323962593367,2.6579643786212444,20.987072855234146
-0.08230451448093845,2.047306610301675,21.563687294721603
-0.08379920692800624,2.1748566743607114,22.87271735072136
-0.08218509490713188,2.3036212180821494,24.188602179288864
-0.07622295751738761,2.4278264830260383,25.45240020751953
-0.06484227969991707,2.539597350497729,26.584987938404083
-0.04762857434970158,2.6295532551136205,27.493212699890137
-0.025320560240984946,2.6883160260082093,28.08491986989975
1.9755823643663462e-07,2.708792597055435,28.290800511837006
0.025320015968787857,2.6883130603669585,28.08491986989975
0.04762879614363413,2.62955434197206,27.49320375919342
0.06484253664277873,2.5395966266121945,26.584981232881546
0.07622227637366308,2.4278248391956865,25.452391266822815
0.08218421732927794,2.30361964721466,24.18859100341797
0.08379820156412165,2.174855524087718,22.872706174850464
0.08230284669271981,2.04730492572552,21.56367388367653
-0.08157420779669167,1.392364191417471,22.005906879901886
-0.08369856058678238,1.4830003479572156,23.402538776397705
-0.08276395585339458,1.575251269522667,24.817865252494812
-0.0773993952856813,1.6650027604159519,26.188668340444565
-0.06635872124694231,1.7464567982810806,27.427357763051987
-0.04905925356422358,1.812508965590112,28.428028881549835
-0.026194322949393722,1.855911544995081,29.083642959594727
3.581790508633276e-08,1.8710837364196777,29.312462747097015
0.02619494328909866,1.855914032431258,29.08363848924637
0.04905936918700604,1.8125082028069954,28.428022176027298
0.06635788701044731,1.7464557171417425,27.42734882235527
0.0773987902614266,1.6650012762042508,26.18865939974785
0.08276285059822186,1.5752504887992131,24.817854076623917
0.08369752782000717,1.4830003039941175,23.40252760052681
0.08157202393883267,1.392364099636275,22.00589570403099
-0.08103574743293507,0.7048477841757972,22.284665286540985
-0.08355963402362931,0.7519977684036192,23.738672733306885
-0.08306859404828515,0.8002419389731514,25.21984511613846
-0.07810933623707683,0.8474426938215984,26.662334471940994
-0.06731333501726056,0.890517493371533,27.972913056612015
-0.04998212525195811,0.925627179154759,29.03686746954918
-0.026765180332290583,0.9487861617208679,29.736572206020355
5.1415511848063034e-08,0.9568955823779106,29.981284379959106
0.026765224899108375,0.9487859376603254,29.736569970846176
0.0499815575434468,0.9256266149876424,29.03686299920082
0.06731219028638691,0.8905161973018139,27.972906351089478
0.07810757955330416,0.8474422875427052,26.662325531244278
0.08306714254178615,0.8002409270466089,25.219833940267563
0.08355778879471387,0.7519969732838092,23.73866155743599
0.08103393657622604,0.7048479200140179,22.28465411067009
-0.08083862066268921,1.9376086910938284e-05,22.379970222711563
-0.08350005745887756,1.8068301585572044e-05,23.85397782921791
-0.08316278457641602,1.8150735783706295e-05,25.358247965574265
-0.07834674417972565,1.8235651353393223e-05,26.826030999422073
-0.06763997673988342,1.831672027208242e-05,28.162137180566788
-0.05030134320259094,1.8385289266120708e-05,29.24868205189705
-0.02696400135755539,1.843171672533117e-05,29.964194238185883
-5.033976435697696e-08,1.669964488826281e-05,30.21461534500122
0.02696436643600464,1.8469770353135573e-05,29.964192003011703
0.05030003935098648,1.8797217194332916e-05,29.24867758154869
0.06763879954814911,1.8169117652178102e-05,28.16213047504425
0.07834534347057343,1.798593395108128e-05,26.826024293899536
0.08316114544868469,1.8635208633099865e-05,25.358239024877548
0.08349889516830444,1.893177021372594e-05,23.853966653347015
0.08083653450012207,1.8657151144907402e-05,22.37995681166649
-0.08103717608365457,-0.7048094292777733,22.284683167934418
-0.08356128015944364,-0.7519592542811324,23.73868837952614
-0.08306980213860982,-0.8002032180772574,25.21986523270607
-0.07811052248528938,-0.8474039434891836,26.662354588508606
-0.0673149041192147,-0.890480547784577,27.972933173179626
-0.049982885576142166,-0.9255897514332361,29.03688982129097
-0.02676560130821315,-0.9487471139018027,29.736596792936325
5.132089597736922e-08,-0.9568608552217484,29.981306731700897
0.026765645876906774,-0.9487468898378069,29.736594557762146
0.04998199385869384,-0.9255888689204426,29.03688535094261
0.06731359131276804,-0.8904797559054884,27.97292646765709
0.07811028624201555,-0.8474037524743068,26.66234341263771
0.08306986090214963,-0.8002036232877288,25.219849586486816
0.08355943493377538,-0.7519591476453087,23.738677203655243
0.0810350644641673,-0.704808061249679,22.284671992063522
-0.08157923847943493,-1.3923284733314603,22.005931466817856
-0.08370344915046246,-1.4829641877240363,23.402567833662033
-0.08276732355705008,-1.5752148377992938,24.817901015281677
-0.07740202744132318,-1.6649658133814143,26.188708573579788
-0.06636127078280651,-1.746420366106733,27.42739799618721
-0.04906158315885989,-1.8124739450662162,28.428071349859238
-0.026195876077323987,-1.855878272599682,29.083687663078308
3.576869289645401e-08,-1.8710474520921707,29.312507450580597
0.02619592002102422,-1.8558773383056177,29.08368542790413
0.049061245868479375,-1.8124737861659952,28.4280646443367
0.06636043655637991,-1.746420032111132,27.427391290664673
0.07740142242561632,-1.6649643291329994,26.188699632883072
0.08276621831016939,-1.5752143109847339,24.817889839410782
0.08370227279434062,-1.4829627415044655,23.402556657791138
0.08157735990679527,-1.392328381514801,22.00592029094696
-0.08231184875663189,-2.0472751693733073,21.56371906399727
-0.08380590288049916,-2.1748238332902474,22.872757583856583
-0.0821904488429368,-2.30358845436038,24.188651353120804
-0.07622783878817074,-2.4277940080725386,25.45245385169983
-0.06484718082967333,-2.5395668465518355,26.58504381775856
-0.04763172869132859,-2.629523132735258,27.493270814418793
-0.0253218639507935,-2.688285214764363,28.084982454776764
1.9752479829548975e-07,-2.708762973546982,28.2908653318882
0.025321827471728398,-2.688285208980062,28.084980219602585
0.047631435265699906,-2.6295208992428343,27.493266344070435
0.06484631547333208,-2.5395639423112186,26.585039347410202
0.0762269175190795,-2.427792844489545,25.452442675828934
0.08218957127112958,-2.3035868834710413,24.18864017724991
0.08380489752323683,-2.174822100668095,22.872746407985687
0.08231018097438181,-2.047274109154131,21.563705652952194
-0.08304361780362512,-2.657937298757659,20.987124741077423
-0.08373053771366301,-2.814145177976968,22.188027918338776
-0.08128013645956855,-2.97022486309055,23.383023977279663
-0.07461374697361123,-3.11917867011104,24.518760234117508
-0.06287295679550198,-3.2518355789809164,25.526296019554138
-0.045821622786164085,-3.357618410674263,26.327035516500473
-0.02423346064971099,-3.4262423893990643,26.845192790031433
1.1664296550861764e-07,-3.4500651955604553,27.024821162223816
0.02423368821298766,-3.4262429589279435,26.845188319683075
0.04582149530987323,-3.3576168106030906,26.327031046152115
0.06287211135183668,-3.251833404649801,25.52629154920578
0.07461226402307375,-3.119176368922723,24.51875352859497
0.08127807738905801,-2.970223120278888,23.383017271757126
0.08372858242545078,-2.814142398947695,22.18802121281624
0.08304178194169509,-2.6579347511999742,20.987118035554886
-0.08358947231883462,-3.2168370903865195,20.309538900852203
-0.08335553934267637,-3.3930488374002152,21.39180091023445
-0.07999683781513056,-3.5670829853148405,22.45651713013649
-0.07261449536599685,-3.7312187445944573,23.456753432750702
-0.06056071347259717,-3.87574096689589,24.334303438663483
-0.0437679931559245,-3.98984787015155,25.025016725063324
-0.023020132029728302,-4.063320655296465,25.468763530254364
1.1402489974443597e-07,-4.088724613189697,25.622001707553864
0.023020143418094108,-4.06332135864632,25.468759059906006
0.043767985180153346,-3.9898468456134424,25.025012254714966
0.06056008694075388,-3.8757392456789574,24.334296733140945
0.07261367391723184,-3.7312157515531226,23.456748962402344
0.07999535931452328,-3.567080675226663,22.456510424613953
0.08335304112316066,-3.393046181914883,21.391794204711914
0.0835867596487816,-3.216834146339693,20.309532195329666
-0.08381099717421137,-3.7205906923396697,19.564178705215454
-0.08261305419735265,-3.908772003757889,20.52593830227852
-0.07835154230434682,-4.092384463212312,21.46088120341301
-0.07030838988232802,-4.263448469066745,22.328776836395264
-0.05803469338646039,-4.412347578977716,23.08168426156044
-0.0415945926442447,-4.528741495349834,23.66859921813011
-0.021758253162857955,-4.603137293857884,24.042970299720764
-8.653618976950384e-08,-4.628759324550629,24.171757966279984
0.021758094907724512,-4.60313566960707,24.042970299720764
0.04159448475439831,-4.528741254876749,23.668594747781754
0.0580348124783967,-4.412345352060342,23.081677556037903
0.07030805246209582,-4.263445867637273,22.328770130872726
0.0783503992804242,-4.092382099950299,21.460874497890472
0.08261210629076743,-3.9087686324816673,20.52593159675598
0.08380895639768227,-3.7205877554770694,19.564171999692917
-0.08363597766552289,-4.1692162524126815,18.780866235494614
-0.08148941943619548,-4.362567003706019,19.626683115959167
-0.07639025369758201,-4.548957009573385,20.43919512629509
-0.06778953148744904,-4.720542285276949,21.18466544151306
-0.055403410696030164,-4.868236309818599,21.82439449429512
-0.039397511796749995,-4.982601961235503,22.31850764155388
-0.02050427855455439,-5.055193618610545,22.631571978330612
1.418728459157137e-07,-5.080101788043976,22.73888874053955
0.0205046947688885,-5.0551950876582055,22.631565272808075
0.03939752131665131,-4.9826021244873715,22.31850317120552
0.05540318697669022,-4.868235056094761,21.824387788772583
0.06778910639776115,-4.720539501594288,21.184658735990524
0.07638933005696913,-4.5489545663270405,20.439188420772552
0.0814894233932364,-4.362565603401606,19.626669704914093
0.08363461919251591,-4.169213225432145,18.780859529972076
